flight_1_from,flight_1_to,Flight_1_time,flight_1_price,flight_2_from,flight_2_to,Flight_2_time,flight_2_price,similarity
BAQ,BGA,02:20:28,876.00,BGA,CLO,00:42:49,459.95,1
LET,MDE,02:59:26,1043.90,CLO,BGA,18:32:40,1308.69,1
LET,BOG,23:33:49,636.62,BGA,BGA,00:23:26,1383.00,1
SMR,CLO,10:03:47,927.92,BGA,MDE,06:37:10,1030.09,1
LET,PEI,22:45:03,1070.17,BOG,BOG,19:45:19,339.52,1
CTG,MDE,10:52:19,1300.89,MDE,BGA,10:11:33,1190.27,1
AUC,BOG,02:27:08,1198.69,CLO,BGA,21:57:38,1382.08,1
AUC,BGA,19:05:18,1285.81,BGA,PEI,19:15:42,1077.02,1
CTG,CLO,09:53:36,1072.53,PEI,BOG,03:59:35,1435.03,1
AUC,BOG,14:32:11,573.32,CLO,BOG,12:03:36,1454.31,1
AUC,BOG,09:10:00,1344.78,BGA,MDE,10:10:26,925.65,1
CTG,PEI,20:22:11,1092.57,PEI,PEI,20:27:55,827.02,1
SMR,MDE,16:40:31,1492.46,BOG,BGA,21:41:04,868.98,1
BAQ,CLO,05:35:37,885.32,BGA,BGA,10:57:59,974.19,1
LET,PEI,19:09:26,626.75,BGA,BOG,03:45:38,528.91,1
LET,MDE,12:44:23,1245.65,PEI,BGA,10:16:38,425.68,1
SMR,CLO,19:21:30,732.95,BOG,BOG,02:24:53,1201.23,1
SMR,MDE,05:52:30,1199.86,MDE,CLO,05:02:42,674.54,1
BAQ,BOG,20:41:07,317.30,BGA,BGA,14:03:31,355.22,1
AUC,BGA,20:52:24,816.26,CLO,MDE,17:53:28,598.31,1
LET,BOG,22:42:37,369.59,BGA,CLO,14:13:44,625.00,1
LET,BOG,08:18:39,535.29,CLO,PEI,23:02:53,1209.30,1
BAQ,MDE,12:31:51,587.95,PEI,CLO,01:45:57,642.18,1
LET,BGA,00:13:53,658.24,CLO,BGA,03:01:03,409.07,1
BAQ,BGA,06:16:50,353.05,MDE,MDE,05:44:18,1034.63,1
BAQ,BOG,21:16:09,554.19,MDE,CLO,15:34:42,772.32,1
CTG,MDE,14:29:30,576.21,MDE,BGA,08:16:14,486.42,1
CTG,BGA,22:57:00,1286.69,MDE,PEI,22:37:44,721.05,1
LET,PEI,13:37:56,562.99,MDE,BGA,19:01:01,974.30,1
SMR,MDE,20:07:26,893.84,PEI,MDE,01:32:50,1320.59,1
LET,BGA,13:21:54,841.59,PEI,BOG,17:47:38,573.63,1
LET,BGA,12:36:32,885.55,BGA,CLO,20:37:09,1236.73,1
LET,MDE,06:16:47,555.21,MDE,CLO,20:06:44,318.75,1
CTG,BGA,08:43:37,632.35,CLO,BOG,14:43:56,729.95,1
CTG,PEI,22:39:20,489.62,MDE,MDE,08:22:29,1463.83,1
AUC,MDE,06:20:49,1181.39,MDE,PEI,10:50:18,549.27,1
BAQ,MDE,23:49:30,1253.11,PEI,BGA,13:36:18,1058.93,1
AUC,BGA,13:50:01,648.94,MDE,CLO,05:18:35,1076.40,1
BAQ,BGA,10:20:30,1166.25,MDE,BGA,07:28:00,1217.98,1
SMR,CLO,22:20:45,891.89,BGA,PEI,17:45:18,569.00,1
LET,MDE,06:16:09,1147.34,MDE,BGA,04:03:27,1239.29,1
SMR,BGA,18:52:30,1443.15,BOG,MDE,03:54:06,1264.75,1
CTG,BGA,09:15:31,760.17,PEI,BGA,08:47:10,510.46,1
LET,CLO,12:19:21,600.21,BOG,BGA,13:11:07,407.73,1
BAQ,MDE,23:12:34,403.32,BGA,CLO,20:13:16,1285.50,1
LET,BGA,05:42:48,1294.89,BGA,MDE,00:44:48,539.03,1
BAQ,BGA,14:40:50,425.34,BGA,PEI,02:28:16,499.14,1
CTG,PEI,16:22:53,886.05,CLO,BGA,20:07:26,720.79,1
CTG,BGA,09:20:21,1462.10,BOG,PEI,09:57:01,1293.55,1
CTG,PEI,09:22:01,1390.92,PEI,BGA,02:16:53,698.50,1
BAQ,MDE,13:11:58,913.15,MDE,BGA,19:55:35,1093.84,1
CTG,PEI,09:50:21,569.84,BGA,MDE,16:09:59,711.82,1
BAQ,CLO,08:39:05,1154.73,MDE,BOG,11:01:48,886.52,1
BAQ,BOG,08:16:21,1263.89,CLO,BGA,06:40:23,719.98,1
LET,PEI,23:19:04,364.15,MDE,MDE,22:23:50,953.50,1
BAQ,PEI,15:22:11,1253.22,MDE,PEI,12:18:39,896.75,1
LET,PEI,18:20:26,587.54,BOG,BGA,14:39:31,902.01,1
CTG,BOG,17:43:52,907.55,CLO,PEI,01:54:51,1219.50,1
BAQ,BGA,09:19:29,1134.17,CLO,BGA,16:22:19,471.95,1
CTG,PEI,02:07:01,527.88,MDE,BOG,09:45:57,625.23,1
AUC,PEI,13:33:26,1159.35,MDE,BGA,17:45:48,674.48,1
CTG,BOG,22:06:22,317.78,MDE,PEI,21:42:28,518.50,1
CTG,BGA,14:05:11,488.12,BOG,BOG,17:13:57,646.01,1
CTG,MDE,13:26:45,1310.24,BGA,BGA,14:25:30,1372.49,1
SMR,CLO,09:06:22,918.72,BOG,BOG,01:27:34,961.79,1
AUC,CLO,10:36:01,1275.01,CLO,PEI,18:54:04,1070.35,1
AUC,PEI,11:31:04,872.79,CLO,MDE,05:21:57,326.21,1
CTG,BGA,18:44:29,559.49,MDE,CLO,09:55:21,974.21,1
AUC,BOG,18:34:55,334.61,MDE,CLO,23:54:54,1482.85,1
SMR,BOG,16:14:34,1304.65,PEI,MDE,15:03:43,805.20,1
BAQ,PEI,23:36:08,1185.55,MDE,CLO,16:43:39,626.40,1
AUC,BOG,05:20:21,528.34,PEI,BOG,19:02:41,1383.06,1
BAQ,MDE,11:55:51,1295.37,PEI,CLO,07:59:32,1129.04,1
CTG,MDE,14:46:34,933.74,BOG,MDE,19:29:26,806.57,1
BAQ,BOG,16:17:26,1341.84,BOG,BOG,03:24:45,882.75,1
CTG,PEI,08:37:38,1457.72,MDE,PEI,22:39:18,776.69,1
CTG,CLO,11:26:45,1000.52,BOG,CLO,13:47:37,1221.85,1
LET,BOG,12:40:49,356.37,BOG,MDE,04:24:55,1312.30,1
SMR,PEI,00:23:55,1186.15,CLO,BOG,22:34:08,1245.37,1
CTG,PEI,22:12:20,850.65,PEI,BOG,09:00:40,802.43,1
CTG,MDE,03:09:53,552.02,BGA,PEI,05:54:33,987.86,1
SMR,CLO,16:01:58,986.80,PEI,BOG,13:26:52,351.02,1
CTG,BGA,13:14:30,493.53,PEI,BOG,03:18:27,835.64,1
LET,MDE,15:23:19,608.02,BOG,CLO,11:22:50,623.76,1
CTG,BOG,08:07:29,1010.48,MDE,CLO,11:49:22,1049.69,1
AUC,BOG,03:24:42,366.82,CLO,BGA,07:11:43,719.31,1
AUC,BOG,01:32:03,1468.19,MDE,CLO,04:43:04,381.26,1
AUC,MDE,08:54:05,352.42,PEI,CLO,04:27:44,1060.95,1
AUC,PEI,21:02:47,1364.78,BOG,MDE,05:02:14,1220.78,1
AUC,PEI,07:16:50,1426.64,PEI,MDE,20:09:37,1186.15,1
LET,PEI,16:19:01,701.47,BGA,PEI,09:40:12,969.97,1
CTG,BOG,12:20:15,505.47,BGA,CLO,06:32:47,420.61,1
SMR,MDE,12:38:24,1386.11,BGA,CLO,13:57:01,720.61,1
SMR,BGA,21:29:53,798.25,PEI,BGA,04:41:27,1322.70,1
AUC,MDE,21:54:33,461.10,CLO,CLO,16:54:27,533.08,1
LET,CLO,16:40:03,800.15,BOG,CLO,03:52:10,302.32,1
AUC,CLO,02:38:25,1399.31,MDE,MDE,23:38:08,914.46,1
SMR,BGA,18:30:27,577.29,MDE,MDE,05:01:59,300.77,1
CTG,CLO,12:38:47,568.48,CLO,PEI,18:03:19,355.94,1
LET,BGA,14:45:17,782.68,BGA,CLO,02:45:01,496.66,1
AUC,CLO,00:47:14,743.44,BOG,BGA,19:18:40,551.02,1
LET,PEI,18:45:49,1361.83,BGA,BOG,00:19:17,702.45,1
AUC,MDE,11:39:04,1183.03,MDE,PEI,22:02:12,586.93,1
AUC,PEI,05:49:57,323.78,PEI,MDE,12:33:59,338.17,1
BAQ,BOG,12:40:24,934.01,PEI,BOG,09:22:39,393.06,1
BAQ,CLO,14:55:21,454.23,CLO,BGA,10:45:37,389.46,1
CTG,BOG,08:42:55,757.59,CLO,BGA,16:56:29,408.97,1
AUC,MDE,23:43:45,633.73,PEI,BOG,13:45:30,1206.78,1
CTG,CLO,10:10:27,981.68,BGA,CLO,04:36:35,406.69,1
BAQ,PEI,01:03:03,741.79,BOG,MDE,16:32:58,355.42,1
CTG,CLO,12:47:45,787.62,BGA,BGA,03:20:39,1474.95,1
AUC,MDE,14:15:36,1176.28,BOG,BGA,13:28:18,1420.48,1
BAQ,MDE,08:38:55,1157.33,BGA,BGA,18:02:04,735.41,1
AUC,CLO,00:30:46,872.67,BGA,BGA,07:37:50,629.63,1
BAQ,BOG,20:27:01,1314.47,BGA,BOG,15:31:05,1210.82,1
AUC,BOG,08:17:36,984.46,CLO,BGA,21:17:51,450.68,1
LET,BGA,16:54:40,547.92,BOG,BGA,18:27:57,1311.38,1
LET,CLO,14:28:39,1081.56,BGA,BOG,16:42:58,952.23,1
BAQ,CLO,09:20:20,464.75,CLO,BGA,07:24:46,368.04,1
AUC,PEI,16:41:09,1337.83,BGA,PEI,16:54:04,1240.62,1
AUC,MDE,00:36:18,521.20,MDE,MDE,03:02:10,779.40,1
LET,MDE,13:44:59,1189.87,MDE,CLO,05:06:45,461.29,1
SMR,PEI,21:47:31,528.82,PEI,CLO,15:37:49,1006.55,1
AUC,BGA,01:41:59,1273.40,CLO,CLO,18:55:42,1197.34,1
SMR,BOG,00:11:09,1431.31,CLO,BOG,01:04:18,438.15,1
CTG,CLO,23:50:01,333.42,CLO,CLO,08:08:41,578.24,1
BAQ,BOG,02:15:20,612.88,BOG,PEI,14:27:17,739.46,1
SMR,BGA,11:14:14,770.18,CLO,PEI,16:46:47,728.28,1
BAQ,PEI,13:30:54,556.60,BOG,CLO,10:17:43,515.77,1
CTG,BGA,22:41:43,1444.39,MDE,CLO,02:27:43,924.55,1
BAQ,BGA,01:54:20,1301.05,MDE,PEI,18:22:48,408.35,1
BAQ,PEI,22:11:50,582.92,MDE,BOG,08:18:00,979.58,1
LET,BOG,16:30:09,871.49,BOG,BGA,09:22:43,611.03,1
AUC,BGA,03:15:11,362.82,MDE,MDE,21:02:08,755.10,1
BAQ,PEI,00:26:36,585.05,MDE,BGA,06:06:17,1137.79,1
SMR,PEI,01:16:35,684.62,MDE,CLO,09:30:27,613.52,1
SMR,PEI,05:59:01,1289.60,MDE,MDE,00:24:11,888.20,1
LET,BOG,08:19:12,1377.39,CLO,BOG,12:57:23,627.58,1
CTG,PEI,01:09:08,1189.46,CLO,MDE,00:42:42,1266.33,1
LET,BGA,00:49:37,676.07,CLO,CLO,21:47:57,845.02,1
AUC,CLO,05:46:39,710.60,BOG,MDE,16:01:37,1031.43,1
BAQ,PEI,12:35:49,354.65,CLO,CLO,19:18:38,564.01,1
CTG,BGA,10:17:32,938.66,BOG,BGA,09:57:05,546.48,1
SMR,BGA,07:16:20,837.04,PEI,PEI,02:42:52,444.53,1
SMR,MDE,22:31:07,351.30,MDE,BGA,04:50:55,606.84,1
BAQ,MDE,19:25:35,1324.74,BOG,CLO,22:06:06,736.32,1
CTG,PEI,02:47:07,500.53,MDE,CLO,14:57:57,687.29,1
CTG,PEI,10:13:30,998.54,PEI,PEI,01:37:27,535.57,1
AUC,BOG,05:05:27,496.79,PEI,MDE,06:47:29,762.88,1
SMR,MDE,16:39:26,1213.63,CLO,MDE,01:12:20,861.49,1
AUC,MDE,10:55:04,1330.11,MDE,MDE,03:42:20,1271.05,1
SMR,CLO,22:51:11,411.76,BGA,CLO,00:00:17,320.20,1
SMR,BOG,08:11:38,737.38,CLO,CLO,22:28:49,599.40,1
LET,CLO,20:47:40,910.07,MDE,MDE,12:05:47,1337.24,1
SMR,CLO,12:27:59,688.53,BOG,CLO,12:09:02,1285.56,1
CTG,BOG,12:28:25,1195.12,BOG,CLO,02:15:52,1180.81,1
LET,MDE,04:21:08,604.11,MDE,BGA,23:49:53,905.31,1
CTG,PEI,23:17:41,1252.61,CLO,MDE,07:37:19,1284.87,1
AUC,CLO,02:27:45,665.28,BOG,BGA,07:03:46,1341.93,1
LET,PEI,00:02:17,388.73,BOG,MDE,13:35:31,876.13,1
CTG,MDE,07:51:08,362.66,BOG,BOG,15:32:22,1074.05,1
LET,BGA,07:18:07,419.10,BGA,BGA,11:57:54,902.17,1
LET,BOG,12:06:26,1306.28,BOG,BGA,09:57:38,908.23,1
SMR,BGA,02:53:23,400.71,CLO,CLO,04:16:37,681.17,1
BAQ,CLO,20:22:40,1000.37,CLO,PEI,05:12:14,1396.48,1
LET,BGA,09:30:57,963.84,BOG,PEI,10:36:46,793.34,1
CTG,PEI,20:32:01,1335.25,BOG,MDE,00:33:54,316.02,1
CTG,BOG,16:27:33,871.89,MDE,MDE,09:11:35,576.47,1
BAQ,BOG,00:18:54,930.63,BGA,CLO,04:16:15,1285.51,1
AUC,PEI,06:54:09,656.51,PEI,BOG,10:28:05,1052.40,1
SMR,CLO,16:17:22,1391.96,BOG,CLO,21:00:01,430.84,1
AUC,MDE,06:34:57,1022.69,BOG,CLO,14:15:53,1255.43,1
SMR,CLO,08:28:10,1457.34,CLO,MDE,09:47:26,625.38,1
SMR,MDE,06:46:43,835.61,PEI,BOG,17:32:04,751.55,1
SMR,PEI,14:20:05,1017.38,PEI,BOG,11:05:16,469.43,1
BAQ,CLO,21:34:11,921.57,PEI,BGA,09:56:43,1256.57,1
LET,MDE,08:11:10,1289.75,BGA,PEI,22:02:50,424.77,1
AUC,BGA,13:07:04,1257.56,BOG,CLO,11:07:02,1032.58,1
BAQ,MDE,12:58:59,656.43,BOG,BOG,01:55:04,819.30,1
LET,MDE,01:22:32,742.73,MDE,PEI,04:34:38,1110.40,1
BAQ,BOG,06:50:45,972.26,MDE,PEI,20:15:18,741.55,1
BAQ,BGA,06:59:52,330.35,CLO,BOG,17:46:50,1426.22,1
CTG,PEI,06:58:50,525.11,BOG,MDE,00:53:32,509.28,1
CTG,PEI,22:41:40,950.56,CLO,MDE,11:28:28,659.85,1
CTG,MDE,11:56:08,1238.57,CLO,BOG,15:46:56,932.84,1
SMR,BGA,03:27:40,449.22,CLO,PEI,03:44:19,1125.48,1
BAQ,BGA,05:07:32,340.33,BOG,BOG,16:56:47,997.26,1
BAQ,MDE,07:32:41,362.44,MDE,PEI,05:17:25,1395.12,1
LET,BGA,19:13:34,808.00,MDE,CLO,11:37:44,804.15,1
SMR,BOG,02:09:43,868.81,CLO,CLO,21:46:45,779.80,1
CTG,BOG,12:48:14,448.59,PEI,BOG,17:02:02,460.98,1
SMR,BGA,22:07:50,1484.44,BGA,BGA,18:12:37,587.97,1
LET,MDE,00:33:45,817.42,MDE,BOG,08:05:03,1053.03,1
AUC,BGA,16:04:40,1200.67,BOG,CLO,21:27:36,1121.80,1
CTG,CLO,00:51:26,352.69,BOG,CLO,12:51:18,1122.06,1
LET,CLO,14:52:05,728.77,PEI,CLO,12:16:42,1364.82,1
CTG,BOG,15:42:18,767.26,MDE,MDE,07:38:34,845.11,1
BAQ,CLO,01:36:26,765.37,BGA,BOG,10:40:36,894.87,1
LET,BGA,19:01:55,733.49,PEI,MDE,00:41:28,641.47,1
AUC,BGA,11:39:35,479.01,CLO,PEI,05:13:11,455.35,1
CTG,BOG,16:27:31,438.87,CLO,BOG,22:44:50,790.67,1
SMR,PEI,05:43:29,1470.04,MDE,MDE,02:19:40,973.84,1
SMR,CLO,20:12:47,1046.89,MDE,MDE,23:50:35,1274.75,1
LET,MDE,10:14:26,884.68,CLO,PEI,15:43:15,1263.99,1
SMR,PEI,18:54:43,1420.58,BOG,BOG,13:18:55,970.87,1
BAQ,PEI,07:01:16,518.68,BOG,CLO,08:26:19,1180.78,1
SMR,MDE,03:50:54,703.56,BGA,MDE,13:20:01,1133.08,1
AUC,BGA,22:05:55,1118.28,BOG,MDE,14:40:49,976.29,1
BAQ,BOG,17:13:18,873.27,CLO,MDE,07:22:37,777.27,1
SMR,MDE,00:20:08,1136.03,CLO,BGA,13:07:38,1248.73,1
SMR,MDE,10:02:30,1389.49,BGA,BOG,00:26:25,659.66,1
CTG,BGA,10:42:12,1065.44,MDE,BOG,04:59:56,514.24,1
CTG,BOG,09:48:47,969.88,BGA,MDE,16:29:07,765.11,1
LET,PEI,03:36:28,756.12,MDE,PEI,09:12:22,709.44,1
SMR,CLO,10:45:16,926.58,PEI,PEI,00:48:45,1038.36,1
LET,CLO,05:30:48,756.66,MDE,MDE,18:38:01,1024.49,1
BAQ,CLO,21:08:57,618.86,CLO,BOG,12:41:20,735.88,1
LET,PEI,10:28:38,1355.56,CLO,PEI,23:18:24,1337.37,1
AUC,PEI,06:49:44,1089.46,PEI,MDE,04:34:06,619.02,1
SMR,BGA,07:01:34,708.10,CLO,MDE,08:21:15,640.16,1
AUC,BGA,03:07:17,1248.74,PEI,BGA,03:10:21,896.03,1
SMR,CLO,12:57:13,924.03,MDE,CLO,02:03:04,1498.35,1
SMR,CLO,03:58:40,1299.62,BOG,MDE,13:28:55,1464.45,1
BAQ,CLO,04:23:21,886.15,CLO,CLO,03:46:05,673.66,1
LET,MDE,13:43:06,1159.88,CLO,MDE,12:04:34,1238.99,1
SMR,MDE,17:17:29,1130.13,BGA,CLO,07:05:46,453.48,1
AUC,MDE,12:15:00,809.76,BOG,BGA,16:18:29,1010.30,1
CTG,CLO,20:29:40,791.89,BOG,MDE,11:05:07,1055.15,1
AUC,PEI,03:42:30,1168.82,BOG,PEI,02:53:31,816.07,1
SMR,BOG,09:40:31,528.95,MDE,CLO,07:00:27,1103.57,1
LET,BGA,14:32:58,1039.03,BOG,PEI,16:35:40,1262.35,1
LET,CLO,22:17:18,461.94,BOG,BOG,15:38:56,341.30,1
LET,BOG,03:36:11,309.67,PEI,BOG,04:29:17,735.36,1
CTG,PEI,18:25:11,907.58,PEI,BGA,05:21:07,559.27,1
CTG,BOG,20:52:25,532.20,BGA,CLO,22:36:47,319.44,1
SMR,MDE,08:05:50,1294.16,BGA,BGA,12:48:14,400.69,1
CTG,MDE,07:10:28,871.84,CLO,BOG,08:46:44,1211.22,1
BAQ,PEI,08:13:12,923.82,MDE,CLO,01:11:35,1259.68,1
AUC,BGA,18:17:20,992.65,BOG,BOG,17:40:10,1492.02,1
SMR,MDE,18:59:51,1483.00,BOG,BOG,12:20:12,1294.50,1
SMR,BGA,16:51:46,899.05,MDE,CLO,23:04:55,822.34,1
CTG,CLO,04:44:08,313.32,PEI,BOG,13:18:23,1286.15,1
LET,BOG,13:06:13,1045.20,MDE,BGA,03:12:01,549.88,1
CTG,BGA,03:01:33,665.01,CLO,PEI,13:57:30,666.53,1
LET,CLO,01:49:16,1108.05,BOG,CLO,15:04:14,512.38,1
BAQ,BGA,16:55:17,1074.48,BOG,PEI,13:49:27,343.20,1
AUC,BGA,08:03:31,730.70,PEI,MDE,03:28:18,987.32,1
AUC,BGA,11:44:44,1326.65,BGA,MDE,05:40:28,669.21,1
SMR,PEI,22:06:29,1297.14,BOG,BGA,01:21:48,857.68,1
LET,CLO,00:13:08,1362.01,CLO,PEI,23:27:16,359.56,1
BAQ,BOG,23:05:52,1141.79,MDE,MDE,12:07:38,638.65,1
LET,PEI,18:18:51,863.74,MDE,PEI,06:19:46,1120.91,1
CTG,BOG,06:39:39,834.92,PEI,PEI,19:02:03,396.22,1
BAQ,CLO,10:22:58,969.08,BOG,BGA,16:08:13,1046.57,1
AUC,BOG,18:43:36,1186.34,BOG,BOG,21:37:54,795.46,1
AUC,CLO,16:14:01,417.10,CLO,BOG,07:54:21,1042.27,1
SMR,BGA,15:32:51,899.63,BOG,BOG,21:17:13,847.36,1
LET,BGA,04:53:41,498.51,MDE,PEI,08:33:07,484.89,1
SMR,BOG,01:55:51,1142.35,BOG,BGA,13:46:04,965.33,1
CTG,PEI,19:44:24,1469.64,PEI,CLO,16:46:23,890.52,1
SMR,MDE,14:38:10,746.27,CLO,BGA,22:46:53,932.19,1
AUC,BOG,10:38:40,1397.39,MDE,CLO,12:59:45,328.85,1
SMR,BGA,18:05:32,864.67,BGA,BGA,12:32:07,1085.32,1
BAQ,PEI,10:40:53,1088.02,CLO,CLO,23:35:37,476.11,1
AUC,BOG,02:23:08,672.38,PEI,PEI,07:11:07,1025.23,1
LET,BGA,05:31:49,639.84,BOG,MDE,06:19:11,620.61,1
CTG,CLO,11:48:03,1186.11,MDE,BOG,19:19:40,565.54,1
AUC,MDE,03:33:08,1226.61,BOG,BOG,09:32:51,1067.80,1
AUC,CLO,16:51:34,803.29,BGA,PEI,23:30:21,474.93,1
CTG,MDE,00:06:15,1493.49,BOG,CLO,02:57:44,481.17,1
AUC,PEI,13:36:24,515.59,PEI,CLO,11:06:15,1100.48,1
SMR,CLO,23:49:28,599.50,PEI,BGA,10:12:46,1307.17,1
AUC,CLO,04:30:54,885.70,CLO,CLO,22:37:26,577.54,1
AUC,CLO,10:08:19,786.75,CLO,CLO,08:45:50,537.72,1
CTG,BGA,05:11:32,1394.38,BOG,BOG,06:08:08,1063.86,1
AUC,CLO,22:19:44,1228.06,CLO,CLO,10:36:28,1228.47,1
LET,PEI,07:39:43,681.90,BGA,PEI,03:07:48,1253.54,1
BAQ,MDE,15:01:20,1320.17,PEI,CLO,07:45:58,589.35,1
BAQ,BOG,16:17:25,709.53,PEI,BGA,08:57:42,339.99,1
SMR,MDE,07:14:40,409.97,BOG,CLO,19:11:57,342.41,1
AUC,MDE,23:05:43,612.09,PEI,PEI,03:03:24,655.12,1
SMR,CLO,01:45:16,1145.63,BOG,BGA,08:44:50,1250.10,1
SMR,PEI,19:42:57,315.79,CLO,BGA,03:24:08,1265.19,1
AUC,CLO,23:08:53,539.35,BOG,PEI,18:47:54,929.81,1
SMR,CLO,19:02:51,867.37,PEI,BOG,06:03:50,920.53,1
LET,BOG,19:41:51,1229.31,BOG,PEI,04:19:55,801.39,1
CTG,BGA,12:30:38,728.11,BOG,BGA,13:47:23,1180.78,1
BAQ,BOG,18:40:40,1076.08,MDE,BGA,22:13:33,1362.64,1
SMR,PEI,07:23:59,1246.70,BGA,MDE,05:26:25,596.42,1
BAQ,PEI,17:26:39,1292.91,BGA,MDE,17:50:49,422.09,1
CTG,PEI,14:15:52,770.86,BGA,MDE,00:05:39,566.16,1
AUC,BGA,13:39:04,512.92,BOG,BGA,08:01:45,1463.69,1
SMR,CLO,19:47:36,897.63,MDE,BOG,20:31:17,753.55,1
LET,PEI,14:00:53,815.54,CLO,PEI,16:57:07,438.82,1
CTG,BOG,15:19:16,444.88,BGA,BGA,02:28:51,649.49,1
CTG,CLO,15:13:09,1373.47,PEI,BOG,13:07:40,1109.70,1
CTG,MDE,06:55:38,1053.26,BGA,BOG,18:50:08,819.45,1
BAQ,CLO,08:53:47,536.85,BGA,BGA,06:46:43,1195.17,1
CTG,PEI,01:47:30,962.18,PEI,MDE,15:29:17,443.95,1
CTG,MDE,07:32:54,1131.93,MDE,BOG,03:18:17,933.12,1
AUC,MDE,09:59:49,684.20,BOG,PEI,18:42:50,1339.42,1
SMR,CLO,15:06:57,1119.34,MDE,BGA,23:48:58,671.83,1
SMR,MDE,07:26:53,1467.73,BOG,PEI,20:37:03,1420.63,1
CTG,MDE,04:40:17,1111.49,BGA,CLO,01:37:37,487.57,1
BAQ,PEI,12:50:02,726.20,BGA,MDE,00:38:25,1063.39,1
CTG,MDE,23:35:05,1475.63,CLO,CLO,08:56:12,813.78,1
BAQ,MDE,21:17:28,468.04,CLO,MDE,18:51:39,437.80,1
LET,BGA,17:48:14,517.59,MDE,PEI,16:40:25,1450.43,1
LET,BOG,04:52:11,899.34,BOG,BOG,05:35:30,782.56,1
SMR,PEI,04:33:15,1178.43,BOG,MDE,03:43:28,583.40,1
CTG,BGA,03:00:05,386.16,PEI,CLO,08:49:03,1425.94,1
LET,MDE,05:04:00,715.67,BOG,PEI,17:37:00,548.25,1
BAQ,MDE,23:48:59,806.93,PEI,CLO,23:03:37,1020.84,1
BAQ,BOG,04:11:38,521.30,BOG,PEI,14:05:23,512.90,1
SMR,BGA,03:18:21,1018.36,PEI,PEI,22:21:33,1266.33,1
AUC,BGA,05:15:19,1220.75,BOG,PEI,21:37:28,653.65,1
BAQ,PEI,02:18:35,1095.02,MDE,MDE,18:14:54,1261.00,1
BAQ,BGA,08:43:17,534.26,CLO,BOG,23:44:35,960.74,1
SMR,BGA,01:56:59,1011.23,CLO,CLO,11:03:02,867.96,1
BAQ,PEI,04:11:15,613.72,BOG,CLO,00:48:40,1185.10,1
AUC,BOG,17:40:08,1432.16,MDE,CLO,12:41:58,675.04,1
AUC,PEI,06:13:54,1045.49,PEI,PEI,23:37:03,518.60,1
LET,BOG,05:07:12,894.16,CLO,MDE,19:59:14,943.15,1
SMR,PEI,07:09:50,672.51,CLO,CLO,22:03:54,793.46,1
AUC,MDE,04:22:40,558.43,CLO,BGA,17:57:46,1410.58,1
SMR,BOG,11:22:35,831.66,PEI,MDE,15:49:38,1475.78,1
BAQ,BGA,21:01:01,1482.27,MDE,BOG,07:27:58,1132.42,1
LET,MDE,12:26:06,524.83,PEI,BGA,11:18:31,1473.43,1
CTG,BGA,06:39:41,717.08,PEI,MDE,04:49:07,934.30,1
BAQ,BOG,03:13:24,1074.15,MDE,BGA,07:45:12,326.66,1
LET,CLO,03:15:06,527.95,MDE,CLO,06:18:08,1373.60,1
CTG,BOG,02:31:34,1086.66,PEI,CLO,03:19:18,1144.19,1
CTG,BOG,06:24:09,722.94,MDE,BOG,04:22:07,348.06,1
CTG,BGA,01:28:00,664.98,CLO,BGA,06:31:52,942.33,1
AUC,MDE,23:37:59,1379.08,MDE,CLO,06:50:24,853.36,1
LET,PEI,13:15:51,1129.80,BGA,BGA,17:39:51,1046.77,1
AUC,PEI,14:26:34,817.27,MDE,BGA,03:25:09,389.67,1
CTG,BOG,22:37:14,425.05,BGA,CLO,19:24:27,975.81,1
SMR,BGA,12:02:52,483.44,MDE,BOG,00:51:37,1456.49,1
CTG,PEI,05:11:54,364.14,CLO,BGA,18:13:43,770.81,1
SMR,MDE,14:48:25,936.64,BOG,MDE,17:10:18,1060.13,1
SMR,MDE,13:28:07,615.27,PEI,BGA,02:55:23,1227.54,1
SMR,MDE,14:51:07,479.81,CLO,PEI,12:37:53,423.77,1
CTG,BGA,18:33:20,685.63,MDE,MDE,02:55:08,1208.03,1
BAQ,PEI,14:21:06,581.78,BOG,BOG,23:01:50,617.89,1
LET,MDE,05:33:46,851.82,MDE,CLO,02:27:04,1442.49,1
SMR,MDE,09:06:00,720.82,BGA,PEI,02:30:12,855.67,1
SMR,PEI,18:20:21,1122.30,MDE,BOG,21:07:32,550.92,1
CTG,CLO,03:27:50,1357.15,BOG,BGA,18:06:25,301.33,1
CTG,CLO,07:34:53,1047.35,PEI,BGA,08:16:17,1210.39,1
AUC,PEI,01:15:01,1302.67,BOG,BOG,13:00:34,985.31,1
AUC,PEI,21:47:24,946.59,PEI,BGA,02:09:32,904.18,1
SMR,BGA,13:10:51,1455.87,BGA,MDE,23:14:27,887.24,1
LET,CLO,03:34:11,1268.81,PEI,BOG,03:22:27,1324.61,1
SMR,PEI,19:56:20,1193.30,BOG,PEI,21:36:25,533.23,1
CTG,BGA,09:14:25,959.52,BGA,BGA,23:19:55,1108.60,1
AUC,MDE,04:35:12,970.29,BOG,PEI,13:39:43,1385.53,1
LET,MDE,14:52:07,867.83,BGA,BGA,18:37:08,609.85,1
CTG,CLO,14:19:18,761.48,PEI,BOG,00:34:02,1350.92,1
BAQ,BGA,18:34:29,757.10,MDE,MDE,18:30:34,321.89,1
CTG,BOG,03:45:22,1421.61,MDE,PEI,12:01:38,459.17,1
CTG,BOG,15:36:40,704.13,PEI,MDE,22:52:31,1119.93,1
CTG,MDE,21:38:51,1487.80,PEI,MDE,20:32:02,929.54,1
SMR,CLO,13:52:31,537.79,CLO,BGA,14:55:06,748.45,1
BAQ,BOG,15:35:03,1272.39,MDE,BOG,16:56:51,1354.75,1
SMR,MDE,14:03:23,653.52,MDE,MDE,12:44:23,413.52,1
AUC,CLO,20:14:04,1047.03,CLO,MDE,07:19:55,1064.13,1
LET,BOG,12:49:37,531.80,CLO,MDE,14:05:58,1349.06,1
LET,CLO,14:23:44,378.92,PEI,BOG,11:48:36,620.27,1
LET,BOG,06:35:50,757.02,BGA,PEI,16:10:44,319.49,1
LET,MDE,21:21:35,310.33,PEI,PEI,01:15:45,1378.33,1
LET,CLO,08:46:40,359.69,MDE,CLO,08:57:32,1403.77,1
CTG,MDE,22:15:29,567.49,BGA,CLO,16:47:07,818.97,1
LET,PEI,11:16:52,1248.36,MDE,MDE,08:18:35,439.34,1
CTG,PEI,05:54:02,1098.54,CLO,BOG,04:33:41,950.77,1
CTG,PEI,04:11:46,944.18,PEI,MDE,21:14:19,799.18,1
SMR,BOG,04:23:17,1459.76,CLO,MDE,05:02:06,1384.34,1
AUC,CLO,11:45:00,730.14,CLO,BOG,00:16:41,1256.64,1
LET,CLO,17:58:46,751.51,MDE,CLO,02:48:50,818.80,1
AUC,MDE,08:52:28,823.08,MDE,PEI,05:04:03,937.95,1
AUC,MDE,12:02:04,1125.43,CLO,MDE,22:08:50,418.24,1
BAQ,CLO,19:55:39,1284.46,BOG,MDE,15:25:51,1184.99,1
AUC,MDE,02:36:41,418.79,PEI,MDE,00:57:33,1175.06,1
LET,BGA,08:49:13,835.33,PEI,PEI,08:24:43,567.21,1
AUC,MDE,01:09:34,733.86,BGA,PEI,19:16:31,446.39,1
BAQ,MDE,23:28:12,893.26,PEI,PEI,08:35:57,682.75,1
SMR,BGA,00:05:09,352.31,PEI,BGA,15:03:50,431.95,1
AUC,PEI,02:25:26,1499.30,BGA,CLO,11:14:16,978.67,1
BAQ,BOG,01:41:00,1047.46,BGA,BGA,18:18:30,1490.69,1
CTG,BOG,04:46:38,542.38,BGA,MDE,22:05:00,802.13,1
CTG,CLO,10:57:46,1392.26,BGA,BGA,07:25:00,1197.56,1
LET,BGA,04:26:16,1093.54,CLO,CLO,15:51:36,971.40,1
AUC,PEI,14:59:25,911.52,BOG,BGA,00:36:21,436.26,1
SMR,MDE,06:24:47,419.69,MDE,BGA,00:23:15,1316.10,1
CTG,MDE,17:29:17,789.57,MDE,MDE,07:20:54,1091.08,1
CTG,MDE,04:05:07,1160.05,PEI,BOG,21:33:54,1448.17,1
CTG,BOG,06:19:43,1044.08,BGA,MDE,15:41:39,918.09,1
CTG,BOG,22:15:21,744.08,PEI,BGA,03:42:57,743.90,1
LET,PEI,08:13:01,1235.88,MDE,PEI,08:48:13,311.91,1
CTG,BGA,20:14:42,573.83,CLO,PEI,21:06:55,1054.89,1
AUC,BGA,03:05:11,429.48,MDE,BGA,16:56:50,1131.21,1
LET,CLO,18:45:45,616.96,BGA,MDE,14:28:40,910.64,1
AUC,PEI,17:19:58,1416.85,PEI,BGA,23:17:47,664.43,1
BAQ,BGA,20:07:23,323.22,BOG,BOG,18:45:31,305.63,1
SMR,BOG,06:38:49,1221.20,PEI,PEI,15:17:16,797.38,1
BAQ,CLO,13:31:30,1272.80,PEI,BOG,19:27:56,364.37,1
LET,CLO,13:49:46,1300.47,CLO,MDE,15:11:40,1222.63,1
AUC,CLO,19:54:44,761.15,BOG,BGA,15:24:24,1423.93,1
SMR,MDE,05:03:09,632.98,BOG,MDE,03:41:32,607.43,1
AUC,PEI,12:48:42,457.11,BOG,BGA,08:38:06,417.19,1
AUC,MDE,09:38:44,686.31,PEI,CLO,16:01:02,763.84,1
SMR,CLO,20:35:14,479.10,CLO,BGA,08:32:04,421.12,1
SMR,BOG,14:11:34,1371.26,CLO,PEI,04:34:21,500.15,1
AUC,BGA,14:16:35,353.57,PEI,CLO,19:31:27,914.49,1
SMR,MDE,21:32:46,963.74,BOG,CLO,13:19:56,595.24,1
AUC,BGA,12:58:09,505.46,BOG,BGA,18:04:59,1192.80,1
LET,PEI,16:10:24,515.46,PEI,PEI,16:37:55,645.74,1
BAQ,BGA,03:33:24,924.36,BOG,MDE,23:39:51,772.09,1
AUC,PEI,09:47:55,1291.32,MDE,MDE,00:44:21,1047.53,1
AUC,BOG,00:02:20,971.55,BGA,BOG,06:49:16,410.18,1
BAQ,BGA,12:28:23,808.11,BGA,BOG,16:51:39,371.34,1
LET,BGA,05:31:49,895.37,PEI,MDE,18:13:13,1039.39,1
SMR,BOG,10:19:55,1403.38,BOG,PEI,12:22:43,1499.80,1
BAQ,BGA,07:06:13,637.25,BOG,MDE,23:34:38,1420.92,1
LET,BGA,16:46:55,1274.32,PEI,BGA,14:15:41,1060.14,1
CTG,MDE,12:54:16,403.35,MDE,BOG,00:58:46,1174.78,1
LET,MDE,00:12:25,1101.60,BGA,BOG,18:24:31,322.10,1
AUC,PEI,00:42:39,763.97,CLO,BOG,18:49:25,534.60,1
AUC,CLO,14:56:51,900.23,MDE,MDE,12:27:01,1048.35,1
CTG,MDE,08:07:12,614.60,CLO,MDE,12:37:59,371.37,1
SMR,BGA,15:55:47,827.94,BGA,PEI,04:13:16,495.88,1
AUC,BOG,10:09:20,1328.86,BGA,CLO,15:08:22,875.99,1
CTG,BGA,04:08:35,1162.34,PEI,CLO,17:47:18,1440.05,1
LET,BOG,13:02:44,821.78,PEI,MDE,17:27:52,1492.88,1
SMR,BGA,23:43:08,1084.08,CLO,MDE,07:46:39,610.70,1
BAQ,BGA,01:16:01,1136.83,MDE,BOG,04:23:54,1357.58,1
CTG,MDE,00:00:47,535.49,CLO,BGA,09:29:04,804.93,1
AUC,BOG,22:50:27,582.72,BGA,BOG,18:17:55,423.36,1
CTG,BGA,14:16:53,399.01,MDE,BGA,08:47:51,1351.50,1
AUC,BGA,14:31:43,414.55,BOG,BGA,17:57:36,327.43,1
BAQ,CLO,17:17:06,1290.07,PEI,BOG,05:12:19,1305.92,1
LET,CLO,00:05:59,889.56,CLO,CLO,06:02:31,945.17,1
LET,PEI,02:18:02,1472.65,BOG,MDE,00:00:13,1107.46,1
AUC,PEI,05:29:46,1270.43,CLO,CLO,00:06:02,350.21,1
AUC,BOG,10:28:29,1178.40,MDE,CLO,21:29:29,1289.46,1
SMR,MDE,01:18:25,305.49,PEI,PEI,01:37:00,897.20,1
CTG,PEI,10:19:19,679.46,PEI,MDE,03:27:25,1061.27,1
CTG,CLO,05:35:08,1086.90,CLO,BGA,02:47:33,759.91,1
SMR,MDE,12:25:30,1051.20,MDE,BGA,02:27:45,625.48,1
CTG,BGA,16:09:54,1255.84,CLO,BGA,15:48:42,997.92,1
AUC,CLO,00:22:19,768.69,CLO,BGA,01:35:12,432.72,1
LET,CLO,09:46:28,1239.12,MDE,BOG,17:02:47,1445.12,1
BAQ,CLO,02:55:32,616.42,PEI,MDE,17:22:57,433.01,1
AUC,CLO,09:19:48,949.84,MDE,BGA,14:10:16,1077.96,1
AUC,MDE,17:02:28,1394.49,MDE,CLO,20:34:02,1155.68,1
AUC,PEI,14:17:50,1107.14,BGA,BOG,14:08:18,619.65,1
CTG,MDE,22:01:24,824.07,MDE,MDE,02:17:30,1242.45,1
AUC,PEI,05:05:07,1353.83,MDE,PEI,20:56:05,518.33,1
SMR,MDE,00:25:15,747.46,BOG,CLO,08:14:26,610.54,1
CTG,PEI,21:15:39,1247.36,MDE,PEI,17:51:41,1429.15,1
SMR,CLO,08:55:11,611.34,CLO,BOG,16:32:55,807.60,1
LET,BOG,15:50:10,1355.18,BGA,BOG,15:14:04,441.37,1
LET,CLO,08:05:05,850.79,CLO,PEI,00:03:27,1020.18,1
CTG,BOG,11:57:50,1253.75,BGA,PEI,17:59:00,352.87,1
CTG,BOG,23:46:26,604.59,CLO,PEI,11:26:15,1344.35,1
BAQ,MDE,20:23:43,1425.60,BOG,MDE,00:45:28,428.43,1
LET,PEI,19:41:20,354.63,MDE,CLO,06:20:21,1196.12,1
BAQ,BGA,15:22:30,772.77,BOG,PEI,14:31:26,1088.03,1
CTG,MDE,11:31:53,892.33,PEI,MDE,12:50:00,875.08,1
BAQ,MDE,12:57:47,545.79,CLO,CLO,00:52:29,468.68,1
BAQ,PEI,17:29:07,1361.22,MDE,MDE,17:30:17,710.36,1
AUC,CLO,01:35:57,418.88,BOG,BOG,02:21:08,998.31,1
SMR,PEI,16:12:12,913.63,CLO,CLO,02:58:30,1099.52,1
CTG,BOG,20:44:36,755.04,PEI,CLO,14:25:48,617.69,1
BAQ,BOG,08:17:28,823.52,BGA,CLO,02:09:33,834.22,1
CTG,CLO,06:37:52,1191.77,BOG,BGA,10:22:39,491.03,1
AUC,PEI,23:25:20,485.06,BOG,PEI,01:09:07,1034.06,1
AUC,PEI,05:46:57,841.86,CLO,BOG,09:01:57,359.12,1
BAQ,MDE,15:51:07,1227.95,MDE,CLO,17:41:19,1051.79,1
BAQ,BOG,17:58:36,869.12,BGA,BGA,01:39:32,572.27,1
BAQ,CLO,00:07:58,481.59,MDE,BOG,06:19:46,988.29,1
BAQ,BOG,09:31:57,594.47,MDE,CLO,02:19:22,765.62,1
CTG,BGA,09:42:36,702.37,CLO,PEI,06:51:07,468.80,1
AUC,BGA,02:12:54,1483.46,BOG,PEI,09:10:11,799.69,1
AUC,CLO,18:57:42,1041.86,PEI,CLO,23:09:05,1340.11,1
BAQ,CLO,09:21:33,924.59,PEI,BGA,02:59:59,1427.96,1
SMR,PEI,17:02:58,686.50,CLO,BGA,16:48:15,959.48,1
SMR,MDE,17:56:39,1212.49,BGA,CLO,01:18:19,576.12,1
AUC,MDE,19:42:09,1136.48,BOG,CLO,23:11:38,930.42,1
AUC,PEI,01:38:38,1418.05,BGA,BOG,02:25:05,1098.61,1
BAQ,MDE,17:44:18,1292.41,BGA,MDE,13:36:43,1327.73,1
LET,PEI,01:57:30,1367.22,PEI,BGA,03:41:42,593.14,1
LET,BOG,04:29:49,916.53,BOG,BGA,17:27:21,884.25,1
BAQ,BOG,14:33:40,633.16,CLO,PEI,14:06:02,409.81,1
CTG,PEI,05:39:06,317.51,PEI,PEI,03:57:47,1003.79,1
BAQ,MDE,00:07:05,955.82,CLO,BOG,01:52:43,948.56,1
AUC,PEI,19:21:47,520.34,BGA,PEI,21:57:00,942.98,1
LET,MDE,02:19:33,437.83,BOG,PEI,07:26:59,492.80,1
AUC,BOG,12:56:12,512.78,BGA,MDE,17:45:31,599.36,1
SMR,MDE,13:10:40,343.95,CLO,PEI,12:42:18,528.75,1
AUC,PEI,05:02:11,1438.44,PEI,PEI,22:40:32,1017.76,1
AUC,MDE,11:25:36,1032.52,BGA,PEI,04:58:01,672.42,1
BAQ,MDE,09:42:21,769.48,BGA,BOG,09:26:38,1040.69,1
BAQ,BGA,07:39:20,1219.53,MDE,CLO,08:14:20,1075.47,1
AUC,BOG,14:15:51,1463.28,MDE,CLO,07:56:46,1072.23,1
CTG,CLO,17:23:23,475.67,PEI,MDE,05:35:30,1493.80,1
LET,PEI,05:30:10,1014.34,BGA,BOG,14:10:13,405.82,1
CTG,PEI,08:01:34,1366.50,CLO,BOG,13:50:57,1130.60,1
BAQ,CLO,11:42:55,324.76,BOG,PEI,18:48:02,1440.98,1
BAQ,CLO,21:14:55,809.25,PEI,MDE,18:12:09,827.30,1
LET,BGA,16:50:06,848.62,CLO,PEI,15:20:51,1109.34,1
SMR,PEI,00:10:45,1269.09,CLO,CLO,05:12:21,432.63,1
BAQ,PEI,18:06:36,948.58,CLO,BOG,11:55:12,446.42,1
CTG,BGA,02:44:36,1394.89,CLO,CLO,04:06:35,364.52,1
SMR,PEI,10:13:27,1411.33,PEI,PEI,18:48:11,407.50,1
BAQ,BOG,07:58:04,377.31,PEI,CLO,08:02:39,1331.05,1
SMR,BOG,13:41:49,1498.40,PEI,MDE,08:18:33,633.16,1
BAQ,CLO,07:30:47,998.60,BOG,BGA,12:40:56,1016.45,1
BAQ,MDE,15:10:25,730.91,CLO,MDE,08:28:40,617.25,1
AUC,CLO,05:40:33,864.15,BOG,MDE,10:23:36,356.73,1
CTG,CLO,20:33:19,579.95,BOG,BOG,10:23:54,365.94,1
BAQ,PEI,10:04:27,561.51,PEI,BGA,19:06:37,1423.53,1
LET,MDE,04:58:32,551.34,BOG,MDE,11:32:39,519.74,1
SMR,MDE,03:02:49,563.40,MDE,MDE,03:45:39,930.86,1
SMR,BOG,05:13:58,977.25,BGA,BGA,11:10:51,1325.69,1
AUC,PEI,01:33:36,1159.62,BGA,CLO,11:20:04,485.63,1
CTG,CLO,10:10:11,1292.35,CLO,CLO,12:58:14,685.79,1
SMR,BOG,15:21:42,1233.47,BGA,CLO,10:50:34,340.91,1
LET,PEI,09:53:04,1076.98,PEI,BGA,13:59:25,1366.67,1
LET,MDE,07:14:25,319.07,CLO,PEI,00:03:40,803.37,1
AUC,BOG,01:01:29,1486.51,MDE,BOG,18:05:48,514.95,1
SMR,MDE,06:10:01,996.35,PEI,CLO,17:33:43,889.90,1
SMR,BOG,17:53:51,563.89,CLO,BOG,19:53:28,1030.55,1
BAQ,CLO,05:21:20,1428.05,MDE,CLO,21:56:05,740.98,1
LET,CLO,04:23:12,566.82,BOG,CLO,18:34:41,1305.72,1
SMR,BOG,17:18:19,1325.10,MDE,MDE,01:19:46,975.30,1
AUC,MDE,00:07:03,706.61,CLO,BOG,11:27:39,403.44,1
BAQ,MDE,06:37:58,377.86,MDE,MDE,16:37:47,466.08,1
LET,BOG,23:17:14,708.53,MDE,BGA,05:37:24,668.49,1
SMR,PEI,08:19:33,1396.09,BGA,BOG,23:19:41,610.36,1
BAQ,BOG,21:51:14,1064.29,CLO,BOG,19:17:16,678.47,1
AUC,MDE,02:34:14,781.51,BGA,BGA,01:15:18,1432.20,1
AUC,BOG,04:16:55,1417.43,CLO,MDE,05:56:28,957.34,1
AUC,BGA,14:34:15,1159.23,CLO,BOG,22:59:38,344.78,1
LET,PEI,02:54:52,965.72,BOG,PEI,21:31:58,867.95,1
CTG,MDE,10:41:19,1477.59,MDE,BGA,13:24:44,681.08,1
LET,BGA,18:20:49,444.48,BOG,MDE,05:14:14,1406.21,1
BAQ,CLO,13:39:23,611.58,BOG,PEI,03:17:29,633.74,1
LET,CLO,09:20:35,1395.38,CLO,MDE,00:24:53,1483.16,1
LET,BGA,03:59:43,653.24,MDE,BOG,02:47:20,840.65,1
AUC,CLO,05:22:49,306.21,MDE,MDE,11:04:07,1466.89,1
LET,BGA,07:54:49,549.38,BOG,PEI,10:31:57,1194.89,1
AUC,PEI,22:35:37,795.21,PEI,BGA,07:24:54,1111.18,1
AUC,BGA,22:30:45,1457.05,BOG,BGA,07:33:17,682.30,1
SMR,MDE,04:21:26,1266.19,BOG,CLO,12:53:22,1106.17,1
CTG,MDE,05:53:19,1430.81,CLO,CLO,22:01:24,1201.73,1
CTG,PEI,14:45:03,989.69,CLO,BGA,13:35:19,742.92,1
AUC,BOG,03:39:33,415.41,CLO,CLO,14:10:20,1069.72,1
SMR,BOG,05:34:45,572.76,MDE,BOG,02:26:34,509.42,1
CTG,MDE,21:55:14,1137.12,MDE,PEI,14:37:41,686.93,1
BAQ,PEI,04:06:47,1369.74,BGA,MDE,13:48:02,483.44,1
SMR,CLO,10:43:10,770.95,BGA,BGA,22:44:06,371.07,1
BAQ,BOG,17:55:51,346.16,CLO,CLO,03:35:21,1355.75,1
BAQ,PEI,22:45:56,340.74,BGA,PEI,06:18:59,1306.01,1
AUC,CLO,16:04:06,1381.21,MDE,MDE,21:32:35,1184.57,1
LET,MDE,19:37:48,802.12,MDE,MDE,22:21:32,1372.91,1
LET,CLO,04:59:33,1211.36,BOG,MDE,02:53:30,674.44,1
LET,BGA,13:47:00,842.72,BOG,PEI,12:08:50,872.71,1
BAQ,CLO,17:34:25,1276.76,BOG,PEI,17:47:48,341.69,1
AUC,BGA,18:06:33,455.39,BGA,CLO,11:52:03,803.73,1
SMR,BGA,21:42:58,998.44,BOG,BGA,06:33:46,1470.47,1
CTG,BGA,00:27:52,706.05,CLO,MDE,02:14:23,997.23,1
BAQ,MDE,21:15:23,1423.92,BGA,CLO,00:32:47,1035.24,1
AUC,BGA,15:47:24,463.48,BOG,BOG,14:26:50,1360.57,1
CTG,BOG,11:18:05,655.59,BOG,PEI,08:23:23,809.43,1
CTG,CLO,23:17:54,742.01,PEI,MDE,15:09:31,1096.77,1
CTG,CLO,04:06:05,682.92,BGA,BGA,11:01:08,790.25,1
BAQ,MDE,05:28:55,1099.08,CLO,CLO,03:42:28,916.35,1
BAQ,CLO,02:50:42,755.39,MDE,MDE,18:34:34,1399.21,1
BAQ,MDE,21:26:05,904.90,BGA,BGA,03:23:01,1083.26,1
LET,CLO,08:39:34,905.39,CLO,MDE,15:12:33,1121.67,1
LET,PEI,08:33:01,1246.07,BOG,BGA,22:48:57,668.39,1
LET,PEI,08:35:24,1016.11,PEI,CLO,07:46:17,328.42,1
SMR,CLO,09:59:50,1248.28,BGA,BGA,12:40:57,572.86,1
SMR,BOG,15:35:43,1264.35,CLO,CLO,02:51:23,724.20,1
CTG,CLO,11:10:46,835.64,PEI,CLO,01:50:40,608.69,1
LET,MDE,14:22:09,1209.28,CLO,PEI,07:46:19,1216.01,1
SMR,MDE,05:14:10,366.36,MDE,BGA,18:41:02,1144.83,1
SMR,BGA,10:13:13,819.62,BOG,CLO,15:19:04,312.35,1
BAQ,CLO,16:10:36,1096.85,MDE,PEI,22:25:27,1228.07,1
LET,CLO,12:49:34,1464.44,MDE,BGA,20:04:27,367.07,1
CTG,BGA,23:51:31,876.81,MDE,CLO,11:00:12,508.79,1
CTG,CLO,09:16:31,790.60,BGA,BGA,20:40:47,1454.22,1
LET,PEI,15:59:56,601.67,BGA,BGA,15:54:09,1144.76,1
BAQ,PEI,19:00:19,954.85,MDE,CLO,21:40:31,1419.30,1
CTG,CLO,22:52:20,584.25,MDE,BOG,16:30:24,558.47,1
CTG,MDE,05:55:22,1109.19,MDE,CLO,14:45:35,396.14,1
CTG,PEI,23:42:21,1336.09,PEI,PEI,06:07:49,691.27,1
BAQ,CLO,19:14:42,833.74,BOG,MDE,16:45:27,1008.34,1
BAQ,CLO,03:19:04,455.93,PEI,BOG,13:48:04,325.53,1
BAQ,BOG,07:04:34,791.09,MDE,BGA,12:23:02,1115.88,1
LET,BGA,01:56:32,939.44,BOG,MDE,10:13:25,1490.35,1
BAQ,BOG,00:34:16,400.91,CLO,PEI,14:53:24,573.43,1
CTG,PEI,01:15:08,891.21,PEI,BGA,10:30:38,1061.81,1
AUC,PEI,06:01:08,1329.78,BGA,BOG,23:19:18,634.04,1
SMR,BGA,03:22:09,1483.69,PEI,PEI,17:24:21,1142.27,1
CTG,MDE,10:30:58,1166.05,MDE,CLO,22:49:44,880.73,1
CTG,BGA,10:57:44,1450.66,BGA,PEI,17:07:45,1458.94,1
LET,BGA,00:33:28,1117.90,MDE,MDE,22:19:35,905.31,1
AUC,PEI,05:00:05,1304.33,BGA,BOG,21:52:23,833.82,1
SMR,BGA,10:33:52,724.71,CLO,BOG,18:05:12,917.03,1
AUC,BOG,01:13:27,927.66,BGA,BOG,17:12:32,738.00,1
LET,BOG,15:48:43,428.47,CLO,MDE,08:17:17,453.74,1
CTG,CLO,06:25:21,1156.20,MDE,PEI,02:31:37,797.68,1
BAQ,BOG,05:51:57,359.04,MDE,CLO,06:07:37,750.40,1
AUC,BOG,05:08:08,1482.63,CLO,MDE,21:31:23,1454.92,1
AUC,MDE,18:33:51,1462.29,CLO,MDE,07:55:31,1089.99,1
CTG,CLO,12:07:49,979.03,CLO,BGA,05:21:49,1347.41,1
BAQ,BGA,22:51:25,1159.25,BGA,CLO,22:29:36,1363.20,1
CTG,BOG,03:17:12,1111.78,PEI,BGA,19:55:08,477.89,1
BAQ,CLO,22:30:58,1296.21,CLO,CLO,23:59:28,451.05,1
CTG,CLO,06:12:24,443.28,PEI,BGA,22:32:58,945.08,1
LET,PEI,03:34:13,1156.55,PEI,MDE,02:45:58,857.03,1
SMR,CLO,21:54:18,1377.68,BGA,PEI,16:50:26,1391.48,1
LET,MDE,21:54:48,1154.09,CLO,BOG,01:56:53,1317.20,1
CTG,BGA,13:11:42,712.66,BGA,BGA,12:07:32,1207.65,1
LET,CLO,23:28:02,934.45,MDE,PEI,19:29:52,1152.32,1
LET,MDE,04:32:03,1293.29,MDE,PEI,22:22:20,1043.59,1
SMR,CLO,05:37:28,361.38,MDE,CLO,11:57:37,902.33,1
SMR,MDE,22:06:39,402.39,CLO,PEI,09:04:00,607.95,1
SMR,MDE,21:18:41,389.40,BGA,CLO,07:45:50,1078.40,1
LET,BOG,16:41:59,465.05,PEI,BOG,12:27:35,824.79,1
LET,CLO,15:46:27,445.69,BOG,BGA,02:37:05,573.17,1
SMR,MDE,04:20:18,716.11,BGA,CLO,17:41:43,760.25,1
SMR,BOG,02:57:57,547.90,CLO,PEI,07:27:17,1211.73,1
BAQ,BOG,22:34:02,871.11,BGA,MDE,00:07:29,923.82,1
AUC,PEI,12:46:51,515.31,PEI,BOG,12:29:47,1455.08,1
CTG,BGA,15:39:30,545.25,PEI,PEI,03:13:23,1331.06,1
SMR,BOG,12:56:14,1151.07,CLO,BOG,23:00:47,770.90,1
LET,PEI,11:22:07,520.62,BOG,BOG,08:26:46,1129.91,1
BAQ,BOG,00:22:24,1294.96,MDE,PEI,17:29:06,1105.46,1
SMR,BGA,09:31:16,942.69,BOG,MDE,10:37:03,339.94,1
CTG,BOG,23:18:48,1499.08,CLO,BOG,06:41:45,401.09,1
BAQ,MDE,09:55:19,1114.34,MDE,MDE,23:54:31,325.21,1
LET,MDE,08:33:50,1009.38,BGA,CLO,19:05:38,742.64,1
SMR,PEI,08:53:01,1462.21,CLO,BOG,20:19:32,740.72,1
SMR,BOG,17:31:02,974.30,CLO,BGA,22:43:21,403.82,1
AUC,PEI,13:18:32,1400.86,CLO,BGA,19:53:45,545.98,1
CTG,BOG,08:40:40,1184.19,PEI,BOG,07:53:34,1477.65,1
BAQ,CLO,17:44:17,544.06,CLO,BGA,04:00:36,514.39,1
CTG,CLO,15:43:38,521.49,BGA,MDE,23:12:19,955.75,1
AUC,BGA,12:38:59,526.72,PEI,CLO,13:33:00,1211.27,1
BAQ,BGA,15:51:32,477.43,BGA,CLO,09:12:42,1395.00,1
SMR,BOG,19:04:51,336.92,BGA,CLO,11:22:13,994.65,1
SMR,BOG,00:43:35,396.51,PEI,MDE,12:01:59,627.91,1
SMR,PEI,01:32:17,658.14,MDE,MDE,11:04:54,1429.16,1
AUC,PEI,00:11:00,1050.92,BOG,BGA,21:28:40,1363.72,1
SMR,BGA,12:39:06,871.43,PEI,PEI,02:42:07,1343.03,1
AUC,PEI,05:38:42,1040.27,BOG,BOG,04:57:30,1440.49,1
LET,MDE,05:33:00,1312.19,CLO,BOG,00:25:46,941.45,1
BAQ,BGA,13:56:11,1261.09,BOG,MDE,19:54:02,600.79,1
SMR,BOG,07:33:46,1453.92,CLO,CLO,09:18:10,310.33,1
BAQ,MDE,17:25:22,1172.08,BGA,MDE,04:42:19,979.25,1
CTG,CLO,20:28:07,995.03,PEI,PEI,01:37:44,1383.87,1
LET,PEI,02:21:06,1408.05,BGA,BOG,21:26:44,326.87,1
BAQ,BOG,04:06:51,698.86,CLO,MDE,09:29:44,319.39,1
AUC,CLO,17:57:24,1032.76,PEI,MDE,17:43:04,773.46,1
CTG,CLO,16:35:56,1051.23,BOG,BGA,00:36:02,527.78,1
CTG,PEI,13:54:25,333.30,BGA,MDE,12:32:44,1104.11,1
LET,PEI,05:55:06,1380.88,BOG,PEI,06:47:05,1126.96,1
AUC,MDE,16:20:52,1246.70,PEI,CLO,08:37:03,1266.95,1
SMR,BGA,21:56:30,1160.34,CLO,MDE,05:44:08,598.07,1
SMR,MDE,20:56:49,847.39,MDE,MDE,07:29:30,320.61,1
LET,PEI,19:47:23,486.21,MDE,BOG,10:13:10,456.30,1
SMR,BOG,08:34:28,1280.25,BGA,BOG,10:17:33,1395.13,1
SMR,CLO,18:03:57,966.44,BGA,CLO,21:18:03,515.89,1
AUC,BGA,21:13:35,1326.63,PEI,BOG,08:55:51,425.49,1
LET,PEI,18:52:06,881.02,CLO,BGA,20:22:49,1034.23,1
AUC,MDE,19:01:01,1495.10,MDE,PEI,03:18:23,407.29,1
BAQ,CLO,20:28:11,1383.37,PEI,BGA,13:42:30,875.61,1
AUC,MDE,16:03:14,1200.22,CLO,PEI,19:56:28,1462.54,1
BAQ,CLO,18:18:08,1338.42,PEI,PEI,20:20:44,835.29,1
LET,BGA,17:12:02,993.99,BOG,BGA,16:40:01,1268.15,1
CTG,PEI,02:01:49,790.56,BGA,MDE,02:34:00,773.55,1
LET,BOG,18:28:09,365.16,BGA,BGA,11:19:38,1128.88,1
AUC,CLO,00:22:00,684.99,BOG,BOG,22:39:23,1302.24,1
CTG,CLO,22:20:10,738.13,PEI,PEI,23:09:21,1010.31,1
SMR,CLO,14:46:36,384.87,CLO,MDE,08:02:38,672.57,1
CTG,PEI,21:25:51,778.19,BGA,MDE,17:00:34,1035.15,1
LET,BOG,15:12:07,1021.95,PEI,BOG,08:18:59,705.04,1
AUC,MDE,03:09:07,1113.38,MDE,BGA,21:47:45,1331.45,1
CTG,PEI,14:07:56,531.35,BGA,MDE,14:37:35,1055.22,1
LET,BOG,16:13:05,429.61,MDE,CLO,08:02:19,946.73,1
BAQ,MDE,21:32:57,528.10,BOG,BOG,05:18:16,763.72,1
SMR,BGA,07:30:14,1177.63,PEI,MDE,21:14:33,794.65,1
CTG,BGA,20:03:59,339.83,MDE,BOG,03:39:07,1401.34,1
SMR,BGA,09:36:34,490.18,CLO,MDE,16:52:05,1285.34,1
AUC,MDE,21:30:02,681.25,BGA,CLO,08:59:55,921.61,1
SMR,MDE,04:26:53,1384.71,BOG,BOG,02:12:57,952.02,1
CTG,BOG,22:43:12,953.08,BGA,PEI,06:50:53,652.55,1
BAQ,BOG,14:14:13,1418.66,CLO,BGA,16:38:26,716.98,1
CTG,BOG,18:48:57,946.76,BOG,PEI,10:12:53,441.91,1
BAQ,BGA,04:57:43,1342.47,BGA,PEI,02:22:15,964.48,1
LET,BOG,08:45:28,1469.07,BOG,CLO,05:08:25,951.86,1
CTG,BGA,18:56:16,439.60,BGA,CLO,16:06:34,390.69,1
AUC,BGA,09:32:18,840.15,MDE,PEI,20:35:23,350.20,1
AUC,PEI,10:19:07,1231.93,BGA,CLO,12:49:48,1287.25,1
BAQ,PEI,00:22:45,1395.50,BOG,MDE,09:57:10,1440.07,1
AUC,BOG,22:51:01,756.61,MDE,PEI,18:03:03,369.25,1
LET,MDE,17:22:13,687.23,BOG,BOG,16:28:44,1168.85,1
SMR,BOG,12:24:17,1062.74,PEI,CLO,07:05:00,1124.82,1
BAQ,MDE,01:34:54,1156.71,CLO,BGA,02:02:34,450.10,1
BAQ,MDE,12:38:05,574.77,MDE,MDE,19:52:02,765.26,1
BAQ,MDE,02:13:09,1405.95,BGA,BGA,04:42:51,713.01,1
SMR,CLO,21:41:05,664.27,PEI,MDE,13:17:10,863.09,1
BAQ,BOG,21:13:02,1343.42,BGA,MDE,08:52:15,448.14,1
CTG,BGA,20:51:25,706.92,BGA,PEI,01:24:18,795.92,1
SMR,BGA,07:51:41,1263.14,BOG,BOG,12:12:25,1359.96,1
BAQ,CLO,04:15:13,1409.67,CLO,MDE,07:27:57,644.09,1
SMR,CLO,00:41:39,350.67,CLO,MDE,18:33:31,741.53,1
AUC,BGA,12:29:50,340.58,BGA,BOG,17:31:13,521.30,1
BAQ,PEI,04:41:04,1041.87,CLO,BOG,17:26:32,434.13,1
SMR,BGA,01:28:24,931.15,PEI,CLO,04:25:05,1014.40,1
LET,MDE,08:42:55,511.93,PEI,BOG,11:49:57,1314.27,1
SMR,BOG,09:51:01,325.79,PEI,BGA,10:51:26,472.12,1
LET,PEI,01:58:46,630.90,BOG,MDE,05:09:47,832.31,1
BAQ,CLO,07:14:37,848.34,PEI,PEI,16:51:02,1149.99,1
AUC,CLO,12:56:06,871.09,PEI,BGA,03:12:33,779.57,1
LET,MDE,05:00:19,1056.39,PEI,CLO,06:40:13,464.80,1
LET,PEI,01:52:16,957.63,PEI,PEI,11:58:11,1060.24,1
AUC,BGA,04:16:05,454.46,BGA,BGA,21:28:36,404.35,1
LET,BOG,18:31:31,1488.83,PEI,PEI,02:28:19,1099.54,1
CTG,PEI,13:41:48,1035.85,BOG,MDE,01:45:38,959.08,1
BAQ,PEI,19:27:25,1388.46,MDE,PEI,20:20:19,1300.90,1
BAQ,CLO,20:33:23,880.84,BGA,BOG,03:42:18,916.39,1
BAQ,PEI,00:06:43,680.37,BGA,CLO,01:26:14,486.78,1
BAQ,MDE,13:26:22,406.56,PEI,CLO,20:52:10,455.84,1
BAQ,MDE,16:42:08,1284.71,MDE,CLO,16:31:52,864.99,1
BAQ,BOG,16:04:57,1184.77,BOG,CLO,04:05:47,612.57,1
CTG,MDE,20:30:02,912.26,BOG,BGA,04:52:05,1045.04,1
SMR,BGA,09:41:25,1364.44,MDE,MDE,23:56:00,994.23,1
BAQ,BGA,13:27:22,894.57,CLO,MDE,09:23:14,1434.80,1
BAQ,BGA,01:39:25,1073.87,CLO,BGA,17:17:41,733.79,1
BAQ,MDE,19:47:46,845.81,PEI,BOG,03:15:00,620.00,1
SMR,PEI,00:13:32,901.98,BGA,MDE,09:40:22,902.99,1
CTG,MDE,11:15:54,915.66,PEI,PEI,18:41:40,1001.02,1
SMR,MDE,05:09:14,517.80,BGA,CLO,09:39:55,743.89,1
BAQ,BGA,09:50:50,1281.29,MDE,BOG,10:38:56,1048.48,1
BAQ,PEI,22:25:33,1177.78,BOG,CLO,19:29:39,1384.21,1
CTG,MDE,22:49:46,695.30,BOG,PEI,16:20:31,1448.55,1
AUC,CLO,06:59:09,765.76,CLO,BGA,22:45:22,337.86,1
LET,BOG,23:51:27,1188.39,BGA,BOG,22:50:23,1213.77,1
CTG,PEI,09:11:22,1248.93,MDE,BGA,13:28:41,1361.36,1
BAQ,PEI,04:27:33,389.14,PEI,BOG,03:38:32,666.59,1
BAQ,CLO,10:44:18,1384.00,BOG,MDE,11:13:33,657.49,1
AUC,MDE,18:01:18,306.95,BGA,BOG,12:36:04,640.48,1
BAQ,CLO,05:26:36,1294.88,PEI,MDE,15:11:22,954.44,1
BAQ,CLO,07:52:40,676.72,BOG,BOG,19:30:17,989.52,1
LET,BOG,19:22:34,920.47,BOG,PEI,12:52:22,1137.31,1
CTG,BOG,08:46:03,1160.74,MDE,PEI,06:52:21,938.58,1
AUC,PEI,07:53:37,491.31,BGA,BOG,04:37:01,473.99,1
BAQ,PEI,06:38:39,1479.38,BOG,CLO,12:40:43,1340.82,1
BAQ,BGA,20:03:01,1193.07,BGA,BOG,09:48:55,1347.15,1
LET,CLO,04:17:19,710.71,CLO,CLO,02:52:57,693.64,1
SMR,MDE,20:29:19,605.77,BGA,CLO,18:16:30,392.29,1
CTG,BGA,05:31:48,1321.06,PEI,BGA,09:15:37,1107.66,1
CTG,PEI,17:17:03,442.84,CLO,MDE,02:38:50,985.60,1
LET,CLO,02:35:57,393.83,BOG,BOG,01:53:18,674.29,1
SMR,BOG,23:09:50,1439.44,MDE,CLO,06:55:08,1366.95,1
LET,MDE,21:42:13,443.89,BOG,BGA,22:28:23,1055.23,1
SMR,CLO,16:23:32,688.31,CLO,BOG,08:55:27,1090.04,1
LET,PEI,14:42:30,1316.70,BOG,MDE,21:37:03,914.99,1
BAQ,BGA,10:38:50,396.82,BGA,CLO,03:40:05,655.75,1
BAQ,BOG,17:13:14,889.78,MDE,MDE,22:28:58,377.33,1
SMR,MDE,05:54:40,641.22,MDE,PEI,02:17:07,965.10,1
SMR,BGA,03:13:48,803.02,MDE,PEI,19:26:26,608.36,1
LET,MDE,06:14:22,1081.09,CLO,MDE,19:06:59,358.00,1
LET,CLO,10:44:24,597.27,CLO,PEI,19:14:50,837.90,1
BAQ,BOG,05:22:00,461.85,MDE,CLO,01:10:27,388.44,1
AUC,BOG,14:27:57,841.40,CLO,MDE,00:47:14,1433.37,1
SMR,BOG,08:54:23,306.59,BOG,MDE,19:08:54,1452.17,1
LET,CLO,19:34:29,901.23,BGA,CLO,08:53:11,1040.29,1
AUC,BOG,16:14:46,1189.76,MDE,BOG,04:35:25,714.37,1
AUC,PEI,14:07:39,1339.43,MDE,BOG,11:14:49,1395.63,1
CTG,BOG,13:12:04,592.86,MDE,CLO,11:40:01,490.03,1
SMR,BOG,19:42:44,1204.79,MDE,BGA,19:40:45,864.19,1
CTG,PEI,15:20:26,566.98,CLO,CLO,13:49:03,1458.03,1
CTG,BOG,03:39:16,1494.10,BGA,CLO,19:08:38,660.06,1
BAQ,CLO,20:37:19,1478.25,CLO,PEI,02:35:45,1447.79,1
CTG,MDE,09:37:03,545.67,CLO,MDE,21:32:04,818.40,1
LET,PEI,05:49:26,1458.11,PEI,BGA,19:14:25,1218.20,1
SMR,CLO,14:06:42,645.60,BGA,MDE,19:42:13,1041.32,1
SMR,CLO,08:41:08,1387.70,CLO,CLO,03:53:36,971.11,1
LET,MDE,13:37:28,1397.63,PEI,MDE,02:45:44,436.90,1
AUC,PEI,17:31:15,720.23,CLO,BOG,02:04:05,804.13,1
AUC,BGA,03:16:16,1189.59,BOG,BOG,04:17:10,744.14,1
LET,BGA,22:23:59,1312.38,CLO,MDE,20:38:36,1054.97,1
CTG,MDE,06:15:52,651.92,BOG,BOG,05:43:20,529.01,1
SMR,BGA,12:40:19,816.09,PEI,PEI,17:59:12,1370.08,1
CTG,CLO,09:00:48,905.81,BGA,BGA,23:31:11,1268.99,1
BAQ,BOG,12:25:41,469.59,BOG,PEI,09:33:47,428.33,1
CTG,BGA,03:00:08,752.94,PEI,CLO,09:17:43,795.73,1
AUC,PEI,20:30:24,904.96,BOG,MDE,06:25:29,1206.77,1
CTG,PEI,00:22:14,1218.06,CLO,CLO,05:36:39,1098.85,1
CTG,BOG,05:51:04,427.37,MDE,PEI,10:08:56,996.04,1
BAQ,CLO,19:10:01,564.58,BOG,BOG,22:39:49,838.36,1
LET,CLO,23:51:40,809.80,BOG,BGA,15:18:24,675.59,1
BAQ,MDE,11:23:11,1034.71,MDE,CLO,16:01:20,720.40,1
SMR,BOG,05:24:22,1069.91,CLO,BGA,03:11:30,1206.44,1
BAQ,CLO,23:21:20,1333.04,BOG,BGA,05:46:10,754.59,1
BAQ,CLO,09:14:36,307.90,MDE,BOG,05:38:30,1480.53,1
BAQ,BOG,01:37:15,1259.13,BGA,CLO,20:45:14,1141.27,1
LET,MDE,06:35:10,1245.54,BOG,BOG,10:20:40,985.37,1
BAQ,CLO,23:43:37,1425.74,BGA,BOG,11:50:04,1147.57,1
AUC,MDE,09:13:06,1092.25,BGA,BGA,20:24:06,588.35,1
AUC,CLO,21:02:30,932.01,MDE,PEI,05:29:08,515.82,1
LET,MDE,15:32:54,731.35,BGA,CLO,12:43:06,1251.82,1
AUC,PEI,19:42:58,1436.89,PEI,CLO,01:38:14,1427.49,1
LET,BGA,19:48:19,501.74,BGA,MDE,20:43:22,1131.61,1
BAQ,BGA,09:07:01,1136.26,MDE,CLO,21:47:18,613.30,1
BAQ,PEI,13:20:33,775.48,MDE,BGA,00:55:14,331.28,1
AUC,PEI,13:49:36,393.30,PEI,BGA,23:23:05,535.62,1
AUC,MDE,03:54:13,1316.75,BOG,BGA,03:38:02,1416.46,1
AUC,PEI,19:17:31,708.42,BOG,MDE,20:32:33,793.22,1
BAQ,PEI,23:26:57,1336.04,BGA,BOG,22:34:07,1423.96,1
BAQ,PEI,03:03:54,364.98,PEI,BGA,18:02:04,1381.31,1
SMR,MDE,10:44:58,820.37,PEI,MDE,19:21:03,999.01,1
CTG,BGA,13:23:01,1113.53,BGA,CLO,00:56:04,730.57,1
AUC,BOG,11:15:59,1283.78,PEI,BGA,12:33:04,1454.98,1
BAQ,MDE,11:53:33,526.35,BOG,CLO,04:08:33,1018.93,1
AUC,PEI,02:30:44,462.42,PEI,PEI,19:04:37,562.25,1
SMR,CLO,14:33:44,1347.75,MDE,BOG,17:02:51,777.31,1
SMR,BOG,06:54:42,1135.66,MDE,BGA,14:03:59,659.38,1
BAQ,BOG,11:03:57,924.04,BOG,BOG,18:21:34,1329.46,1
CTG,MDE,05:26:44,1121.64,BGA,PEI,22:58:47,668.73,1
AUC,BGA,12:47:50,500.27,CLO,MDE,03:47:10,1036.37,1
SMR,BGA,20:53:28,1251.87,MDE,PEI,08:42:24,766.71,1
LET,CLO,22:10:23,884.27,BGA,PEI,15:14:50,1037.06,1
LET,CLO,17:02:07,354.68,BOG,CLO,19:42:34,900.38,1
BAQ,CLO,16:43:39,1446.75,CLO,CLO,18:28:28,960.85,1
CTG,BGA,13:08:04,880.74,CLO,PEI,04:25:49,632.77,1
AUC,CLO,14:10:29,1425.54,PEI,CLO,16:59:14,756.69,1
BAQ,PEI,16:36:25,748.98,BOG,MDE,16:16:30,1450.26,1
BAQ,MDE,07:44:18,1396.08,BOG,PEI,17:16:45,380.45,1
AUC,MDE,09:34:29,1233.73,CLO,PEI,07:43:03,469.28,1
AUC,MDE,16:02:40,997.59,BGA,MDE,18:09:00,736.48,1
SMR,PEI,07:32:57,983.52,BOG,BGA,03:34:34,840.67,1
CTG,CLO,14:29:55,721.86,BOG,PEI,08:52:42,1395.20,1
BAQ,BGA,02:35:23,834.35,MDE,BOG,14:28:09,597.99,1
SMR,CLO,00:37:05,990.62,MDE,BOG,13:39:10,314.69,1
LET,BOG,04:01:22,1098.18,PEI,BGA,13:51:17,995.97,1
BAQ,BOG,02:56:16,845.01,BGA,BGA,05:49:01,1128.42,1
LET,BGA,23:21:54,835.41,BOG,BOG,16:32:26,1048.97,1
SMR,PEI,05:00:27,1487.59,MDE,BOG,09:09:33,428.85,1
CTG,CLO,05:37:16,838.98,BOG,BGA,17:08:19,1047.56,1
LET,BGA,14:02:40,459.42,CLO,MDE,21:56:12,1202.30,1
LET,BGA,12:01:39,793.31,PEI,BOG,02:59:02,963.04,1
CTG,BGA,16:53:26,738.29,CLO,MDE,15:29:57,539.88,1
LET,BGA,21:54:22,649.26,PEI,CLO,08:52:22,657.00,1
AUC,CLO,22:46:03,656.10,MDE,MDE,04:03:36,536.02,1
CTG,PEI,03:17:55,430.31,BGA,PEI,16:56:12,1381.74,1
AUC,BOG,19:21:09,1110.02,CLO,MDE,07:59:18,878.89,1
LET,BOG,17:51:27,1239.31,BOG,BOG,23:59:26,928.74,1
AUC,PEI,07:46:38,1464.81,BOG,BGA,23:32:51,956.79,1
AUC,BGA,09:50:07,1480.24,BGA,MDE,22:11:09,872.00,1
AUC,BGA,04:13:13,639.27,MDE,BOG,07:51:40,1484.26,1
AUC,BGA,06:24:58,1146.90,CLO,PEI,18:50:23,505.34,1
SMR,PEI,00:26:03,715.54,CLO,BOG,22:45:14,1236.18,1
BAQ,CLO,18:05:41,1497.62,BGA,MDE,13:50:41,1331.90,1
AUC,CLO,03:49:54,1386.82,PEI,PEI,11:40:02,825.38,1
BAQ,PEI,15:05:53,797.60,CLO,MDE,07:53:25,808.00,1
AUC,MDE,08:52:38,953.20,BGA,CLO,17:02:44,397.86,1
LET,PEI,03:28:02,1345.87,MDE,CLO,23:45:33,1360.53,1
AUC,BOG,08:54:54,1328.56,CLO,MDE,07:19:34,968.43,1
LET,PEI,21:31:51,665.51,MDE,CLO,19:08:20,1304.17,1
SMR,CLO,23:18:47,1077.77,PEI,BOG,02:56:34,608.51,1
CTG,BGA,09:11:12,849.79,BGA,MDE,21:13:55,942.87,1
LET,BGA,01:46:47,1287.27,BGA,MDE,08:50:16,661.26,1
LET,CLO,21:27:02,1421.47,BOG,PEI,18:27:35,1102.69,1
SMR,BGA,03:10:04,1281.75,BOG,CLO,06:51:58,566.74,1
CTG,MDE,00:05:08,741.32,PEI,BOG,23:54:32,659.63,1
SMR,PEI,01:54:03,878.27,PEI,BOG,03:32:05,1410.33,1
LET,BGA,19:41:41,743.35,MDE,BGA,17:24:46,1187.19,1
CTG,MDE,15:40:29,1296.21,PEI,MDE,00:55:40,1228.28,1
SMR,BGA,16:10:19,1018.96,CLO,PEI,10:24:49,1130.49,1
LET,MDE,23:29:42,566.96,BGA,CLO,22:18:32,1406.07,1
LET,BOG,11:05:27,735.82,MDE,CLO,07:56:46,999.12,1
BAQ,CLO,23:30:24,1497.33,PEI,BOG,07:21:24,1448.79,1
LET,PEI,14:43:18,1018.77,MDE,BGA,12:05:50,530.13,1
CTG,BGA,11:16:56,473.89,BGA,BGA,00:09:20,577.97,1
BAQ,BOG,14:05:23,915.55,PEI,MDE,20:08:43,525.11,1
AUC,BOG,13:53:00,986.57,BOG,BOG,20:03:51,791.59,1
CTG,BOG,14:23:04,717.06,BOG,BOG,20:22:14,1307.98,1
LET,BGA,00:06:16,867.81,BOG,MDE,08:37:40,1111.09,1
LET,CLO,01:54:55,1467.54,MDE,PEI,16:41:25,1267.15,1
SMR,BOG,15:46:43,1232.39,PEI,CLO,06:39:04,1076.32,1
BAQ,MDE,19:19:48,1107.47,CLO,MDE,13:47:39,374.12,1
SMR,BGA,01:31:08,1333.10,PEI,BGA,17:34:58,906.04,1
CTG,MDE,20:44:35,1182.94,CLO,PEI,22:26:19,1053.90,1
CTG,BOG,11:13:39,421.56,BOG,PEI,02:07:20,1242.30,1
SMR,CLO,04:57:02,1221.80,PEI,PEI,17:01:24,589.59,1
CTG,CLO,13:03:36,1289.13,BGA,BGA,08:27:31,1349.49,1
SMR,BGA,15:32:47,1178.81,PEI,PEI,08:01:52,1346.88,1
LET,BOG,23:00:14,820.53,BOG,MDE,19:42:33,485.44,1
BAQ,PEI,18:47:24,640.77,BOG,BGA,06:05:48,1237.66,1
LET,PEI,21:14:29,545.65,MDE,MDE,21:29:01,316.89,1
AUC,BOG,04:35:52,901.92,PEI,MDE,03:50:21,478.77,1
SMR,CLO,19:52:12,689.80,CLO,BGA,21:05:19,1317.40,1
SMR,MDE,20:42:02,1157.01,MDE,MDE,08:03:45,790.54,1
SMR,PEI,00:39:23,1277.34,CLO,MDE,15:51:41,1221.73,1
LET,BOG,12:05:34,1209.68,PEI,PEI,17:27:53,1442.31,1
CTG,PEI,02:54:16,1073.09,MDE,BOG,21:16:43,893.40,1
BAQ,BGA,14:43:49,974.29,BGA,BOG,16:58:59,819.07,1
LET,MDE,21:18:23,507.84,PEI,BOG,13:15:26,889.92,1
CTG,BGA,03:39:41,1409.14,CLO,MDE,16:04:35,484.36,1
SMR,MDE,18:17:35,605.11,MDE,PEI,05:00:12,920.61,1
LET,CLO,06:51:40,845.96,PEI,BOG,14:56:24,694.46,1
SMR,BGA,14:09:18,526.18,MDE,PEI,04:27:47,1398.67,1
BAQ,MDE,07:51:36,1200.91,CLO,MDE,10:34:58,1094.10,1
CTG,BGA,02:35:20,1095.27,MDE,MDE,14:11:38,1214.99,1
BAQ,BOG,21:58:47,1179.90,BOG,PEI,06:21:53,360.06,1
LET,MDE,07:04:03,480.47,PEI,MDE,15:05:10,345.29,1
SMR,MDE,15:27:33,1224.64,MDE,MDE,23:00:40,391.29,1
LET,CLO,11:14:57,1400.73,BOG,BGA,23:43:08,976.84,1
SMR,CLO,22:15:04,1300.93,PEI,PEI,03:57:43,1393.56,1
CTG,BOG,08:10:14,1140.62,BOG,PEI,11:41:54,965.10,1
CTG,CLO,00:51:32,1237.00,MDE,BGA,22:30:09,768.56,1
SMR,CLO,14:18:27,1066.22,PEI,BOG,09:17:44,1329.52,1
LET,PEI,22:10:20,752.27,PEI,CLO,09:51:27,1388.30,1
CTG,PEI,18:14:22,849.33,BOG,PEI,19:01:58,347.59,1
LET,BGA,02:33:58,465.68,BGA,PEI,03:19:06,1388.98,1
SMR,BOG,00:42:15,1407.49,PEI,PEI,13:43:26,693.23,1
BAQ,PEI,11:46:52,1263.93,CLO,BOG,02:18:50,1350.09,1
CTG,MDE,14:11:22,784.71,CLO,BOG,10:14:54,688.20,1
CTG,BGA,21:06:11,1123.02,BGA,MDE,18:15:33,750.80,1
SMR,CLO,06:57:02,1267.97,CLO,BGA,12:02:59,1480.45,1
BAQ,BGA,20:58:55,409.81,MDE,BGA,20:55:04,1489.92,1
LET,BOG,06:15:27,1016.45,CLO,BGA,05:24:45,603.20,1
LET,PEI,05:03:14,1023.26,BGA,BGA,13:20:56,607.82,1
LET,CLO,11:24:35,1434.69,CLO,BGA,20:43:21,1026.03,1
AUC,CLO,09:50:25,422.43,BGA,BOG,06:31:28,1279.00,1
BAQ,BOG,12:33:28,1134.34,BGA,MDE,10:58:12,656.65,1
BAQ,BOG,18:29:50,989.61,BGA,BGA,16:35:24,1039.14,1
CTG,BGA,09:35:16,1177.77,BGA,BGA,00:09:35,518.96,1
AUC,MDE,22:57:50,1160.83,BOG,MDE,16:30:08,443.29,1
BAQ,BOG,07:20:50,1385.64,MDE,BGA,13:47:27,812.99,1
BAQ,BOG,03:06:10,1166.48,BOG,CLO,00:24:33,1289.11,1
LET,CLO,12:07:13,300.63,MDE,CLO,04:52:17,357.59,1
AUC,BOG,07:54:33,1489.87,CLO,PEI,04:20:23,879.65,1
SMR,BOG,09:12:46,1097.83,BGA,PEI,02:12:17,822.95,1
BAQ,MDE,00:22:16,865.41,BGA,BGA,13:02:34,915.47,1
BAQ,MDE,17:52:36,558.82,BGA,MDE,04:28:28,843.87,1
SMR,BGA,17:36:01,817.71,BOG,CLO,00:25:24,658.28,1
CTG,MDE,08:30:48,1273.61,PEI,BOG,10:11:27,1178.37,1
LET,PEI,02:08:49,1056.48,BOG,CLO,23:39:46,1372.78,1
LET,PEI,12:51:14,472.50,BGA,BOG,05:22:48,1486.05,1
SMR,BOG,02:03:56,629.27,BOG,MDE,18:55:27,1463.41,1
AUC,PEI,19:52:59,743.96,PEI,MDE,14:56:14,1340.65,1
CTG,BGA,08:59:04,1231.39,BOG,CLO,18:30:02,1041.70,1
AUC,BOG,11:33:42,483.59,CLO,BOG,09:54:38,1228.01,1
LET,MDE,10:06:13,520.77,MDE,BOG,13:12:48,902.87,1
LET,CLO,06:13:48,1057.89,CLO,CLO,19:52:55,949.33,1
CTG,BGA,16:53:04,715.69,BOG,MDE,21:48:19,360.87,1
BAQ,BGA,17:46:42,499.22,BOG,MDE,04:49:46,750.02,1
SMR,MDE,19:21:42,783.30,BGA,CLO,20:31:53,621.96,1
BAQ,MDE,23:14:58,871.67,PEI,MDE,07:25:07,1205.62,1
CTG,BOG,03:30:58,835.80,PEI,MDE,19:42:15,521.81,1
AUC,BOG,06:08:10,1436.67,PEI,MDE,01:25:31,718.33,1
AUC,PEI,09:45:33,445.68,CLO,BGA,17:05:28,794.09,1
CTG,CLO,23:16:44,1312.58,PEI,MDE,14:53:04,303.77,1
AUC,PEI,03:02:52,1392.64,BGA,PEI,06:35:21,1324.11,1
AUC,PEI,22:50:08,1159.80,CLO,CLO,10:54:40,1021.56,1
CTG,MDE,22:56:27,1299.84,BOG,PEI,23:33:40,324.97,1
AUC,BOG,05:25:47,1274.61,MDE,BGA,13:10:11,1324.94,1
AUC,BGA,18:13:21,956.99,CLO,BGA,03:34:36,388.04,1
CTG,MDE,01:39:20,1341.62,BOG,BOG,02:55:08,1250.24,1
LET,CLO,03:22:16,1179.31,BGA,CLO,07:27:44,579.40,1
SMR,BOG,10:11:36,497.77,MDE,MDE,15:56:34,1171.46,1
BAQ,BOG,08:16:45,601.35,MDE,BOG,00:03:22,1468.42,1
SMR,PEI,04:55:40,691.97,CLO,MDE,21:37:55,847.07,1
SMR,MDE,20:44:53,913.70,BOG,MDE,11:57:28,1098.76,1
AUC,PEI,22:26:20,1457.53,CLO,PEI,19:49:18,502.50,1
CTG,CLO,20:46:58,841.13,MDE,PEI,05:21:29,614.70,1
LET,MDE,08:29:24,1109.11,BGA,CLO,13:50:31,1108.52,1
BAQ,CLO,05:20:10,1008.24,BGA,CLO,06:27:28,904.85,1
AUC,CLO,08:22:55,1002.25,BOG,BGA,18:48:45,1303.32,1
SMR,MDE,12:36:59,796.34,BOG,MDE,21:25:47,389.05,1
SMR,BOG,08:16:38,430.94,PEI,MDE,04:43:37,406.62,1
LET,MDE,21:48:22,564.30,CLO,PEI,07:06:20,1097.25,1
LET,BGA,15:08:22,890.42,BGA,MDE,09:36:27,1482.25,1
LET,MDE,01:25:51,927.81,CLO,CLO,13:44:51,782.29,1
AUC,BGA,03:51:45,499.83,BGA,BOG,21:07:37,548.97,1
LET,MDE,00:10:34,1117.21,CLO,BGA,19:06:09,752.53,1
SMR,CLO,12:44:36,573.37,PEI,CLO,12:21:02,310.13,1
CTG,BOG,11:43:15,1364.72,MDE,BOG,00:52:04,472.38,1
SMR,PEI,22:01:17,1474.01,MDE,PEI,15:16:23,993.28,1
BAQ,BOG,16:06:13,1363.83,MDE,BGA,07:35:13,938.88,1
SMR,BGA,05:47:24,1240.26,PEI,PEI,02:36:12,707.00,1
AUC,BOG,14:56:48,324.92,BOG,BGA,17:53:43,822.77,1
AUC,BOG,19:35:07,442.85,BGA,BGA,12:33:18,500.14,1
